Promotion,Additional Purchase,,Satisfaction
Yes,More purchase,,Happy
Yes,More purchase,,Happy
Yes,More purchase,,Happy
Yes,More purchase,,Happy
Yes,More purchase,,Happy
Yes,More purchase,,Happy
Yes,More purchase,,Happy
Yes,More purchase,,Happy
Yes,More purchase,,Happy
Yes,More purchase,,Happy
Yes,More purchase,,Happy
Yes,More purchase,,Happy
Yes,More purchase,,Happy
Yes,More purchase,,Happy
Yes,More purchase,,Happy
Yes,More purchase,,Happy
Yes,More purchase,,Happy
Yes,More purchase,,Happy
Yes,More purchase,,Happy
Yes,More purchase,,Happy
Yes,More purchase,,Happy
Yes,More purchase,,Happy
Yes,More purchase,,Happy
Yes,More purchase,,Happy
Yes,More purchase,,Happy
Yes,More purchase,,Happy
Yes,More purchase,,Happy
Yes,More purchase,,Happy
Yes,More purchase,,Happy
Yes,More purchase,,Happy
Yes,More purchase,,Happy
Yes,More purchase,,Happy
Yes,More purchase,,Happy
Yes,More purchase,,Happy
Yes,More purchase,,Happy
Yes,More purchase,,Happy
Yes,More purchase,,Happy
Yes,More purchase,,Happy
Yes,More purchase,,Happy
Yes,Same as before,,Happy
Yes,Same as before,,Happy
Yes,Same as before,,Happy
Yes,Same as before,,Happy
Yes,Same as before,,Happy
Yes,Same as before,,Happy
Yes,Same as before,,Happy
Yes,Same as before,,Happy
Yes,Same as before,,Happy
Yes,Same as before,,Happy
Yes,Same as before,,Happy
Yes,Same as before,,Happy
Yes,Same as before,,Happy
Yes,Same as before,,Happy
Yes,Same as before,,Happy
Yes,Same as before,,Happy
Yes,Same as before,,Happy
Yes,Same as before,,Happy
Yes,Same as before,,Happy
Yes,Same as before,,Happy
Yes,Same as before,,Happy
Yes,Same as before,,Happy
Yes,Same as before,,Happy
Yes,Same as before,,Happy
Yes,Same as before,,Happy
Yes,Same as before,,Happy
Yes,Same as before,,Happy
Yes,Same as before,,Happy
Yes,Same as before,,Happy
Yes,Same as before,,Happy
Yes,Same as before,,Happy
Yes,Same as before,,Happy
Yes,Same as before,,Happy
Yes,Same as before,,Happy
Yes,Same as before,,Happy
Yes,Same as before,,Happy
Yes,Same as before,,Happy
Yes,Same as before,,Happy
Yes,Same as before,,Happy
Yes,Same as before,,Happy
Yes,Same as before,,Happy
Yes,Same as before,,Happy
Yes,Same as before,,Happy
Yes,Same as before,,Happy
Yes,Same as before,,Happy
Yes,Same as before,,Happy
Yes,Same as before,,Happy
Yes,Same as before,,Happy
Yes,Same as before,,Happy
Yes,Same as before,,Happy
Yes,Same as before,,Happy
Yes,Same as before,,Happy
Yes,Same as before,,Happy
Yes,Same as before,,Happy
Yes,Same as before,,Happy
Yes,Same as before,,Happy
Yes,Same as before,,Happy
Yes,Same as before,,Happy
Yes,Same as before,,Happy
Yes,Same as before,,Happy
Yes,More purchase,,Happy
No,More purchase,,Happy
No,More purchase,,Happy
No,More purchase,,Happy
No,More purchase,,Happy
No,More purchase,,Happy
No,More purchase,,Happy
No,More purchase,,Happy
No,More purchase,,Happy
No,More purchase,,Happy
No,More purchase,,Happy
No,More purchase,,Happy
No,More purchase,,Happy
No,More purchase,,Happy
No,More purchase,,Happy
No,More purchase,,Happy
No,More purchase,,Happy
No,More purchase,,Happy
No,More purchase,,Happy
No,More purchase,,Happy
No,More purchase,,Happy
No,More purchase,,Happy
No,Same as before,,Happy
No,Same as before,,Not happy
No,Same as before,,Not happy
No,Same as before,,Not happy
No,Same as before,,Not happy
No,Same as before,,Not happy
No,Same as before,,Not happy
No,Same as before,,Not happy
No,Same as before,,Not happy
No,Same as before,,Not happy
No,Same as before,,Not happy
No,Same as before,,Not happy
No,Same as before,,Not happy
No,Same as before,,Not happy
No,Same as before,,Not happy
No,Same as before,,Not happy
No,Same as before,,Not happy
No,Same as before,,Not happy
No,Same as before,,Not happy
No,Same as before,,Not happy
No,Same as before,,Not happy
No,Same as before,,Not happy
No,Same as before,,Not happy
No,Same as before,,Not happy
No,Same as before,,Not happy
No,Same as before,,Not happy
No,Same as before,,Not happy
No,Same as before,,Not happy
No,Same as before,,Not happy
No,Same as before,,Not happy
No,Same as before,,Not happy
No,Same as before,,Not happy
No,Same as before,,Not happy
No,Same as before,,Not happy
No,Same as before,,Not happy
No,Same as before,,Not happy
No,Same as before,,Not happy
No,Same as before,,Not happy
No,Same as before,,Not happy
No,Same as before,,Not happy
No,Same as before,,Not happy
No,Same as before,,Not happy
No,Same as before,,Not happy
No,Same as before,,Not happy
No,Same as before,,Not happy
No,Same as before,,Not happy
No,Same as before,,Not happy
No,Same as before,,Not happy
No,Same as before,,Not happy
No,Same as before,,Not happy
No,Same as before,,Not happy
No,Same as before,,Not happy
No,Same as before,,Not happy
No,Same as before,,Not happy
No,Same as before,,Not happy
No,Same as before,,Not happy
No,Same as before,,Not happy
No,Same as before,,Not happy
No,Same as before,,Not happy
No,Same as before,,Not happy
No,Same as before,,Not happy
No,Same as before,,Not happy
No,Same as before,,Not happy
No,Same as before,,Not happy
No,Same as before,,Not happy
No,Same as before,,Not happy
No,Same as before,,Not happy
No,Same as before,,Not happy
No,Same as before,,Not happy
No,Same as before,,Not happy
No,Same as before,,Not happy
No,Same as before,,Not happy
No,Same as before,,Not happy
No,Same as before,,Not happy
No,Same as before,,Not happy
No,Same as before,,Not happy
No,Same as before,,Not happy
No,Same as before,,Not happy
No,Same as before,,Not happy
